,coefficients,intercept,rank,singular_values,n_features
0,-0.05789713142445152,252.80139173269697,1,875.951089785234,1
