,coefficients,intercept,rank,singular_values,n_features
0,-0.048527998104043756,262.8315383975061,1,875.951089785234,1
