,coefficients,intercept,rank,singular_values,n_features
0,0.0228013171387925,265.48737830109667,1,646.0427964331725,1
