,coefficients,intercept,rank,singular_values,n_features
0,-0.06061629240907753,258.25026833595786,1,875.951089785234,1
