,coefficients,intercept,rank,singular_values,n_features
0,-0.037003676266257564,252.61986374741042,1,875.951089785234,1
