,coefficients,intercept,rank,singular_values,n_features
0,-0.01600812783564739,247.17416317729416,1,654.5391550924663,1
