,coefficients,intercept,rank,singular_values,n_features
0,-0.044997052692483594,254.40169471394483,1,875.951089785234,1
