,coefficients,intercept,rank,singular_values,n_features
0,-0.05237995747882328,256.2484398155941,1,875.951089785234,1
