,coefficients,intercept,rank,singular_values,n_features
0,-0.02793468266884844,342.2138718685468,1,573.4085457677126,1
