,coefficients,intercept,rank,singular_values,n_features
0,-0.040365096937989564,258.5199717772962,1,875.951089785234,1
