,coefficients,intercept,rank,singular_values,n_features
0,-0.07567405369231098,290.25226610724445,1,845.3333957268482,1
