,coefficients,intercept,rank,singular_values,n_features
0,-0.041922373697946796,341.816316184276,1,607.7198010301452,1
