,coefficients,intercept,rank,singular_values,n_features
0,-0.05216331923212428,254.1267936129866,1,875.951089785234,1
