,coefficients,intercept,rank,singular_values,n_features
0,-0.04908593192690973,332.1281691616179,1,576.3216666246146,1
