,coefficients,intercept,rank,singular_values,n_features
0,-0.05784512815830403,253.2071530238135,1,875.951089785234,1
