,coefficients,intercept,rank,singular_values,n_features
0,0.014483876060103129,246.58602087201325,1,661.9272061744164,1
