,coefficients,intercept,rank,singular_values,n_features
0,-0.057688499287238834,354.5755276585662,1,573.4085457677126,1
